{"HeaderType":"FieldData","Name":"Field","Position":{"x":-15.0,"y":0.0,"z":-14.0},"Rotation":{"x":0.0,"y":0.0,"z":0.0},"Size":{"x":40,"y":10,"z":60}}
{"HeaderType":"ActorData","Name":"2100000000","Position":{"x":8.190000534057618,"y":1.9200096130371094,"z":16.380001068115236},"Rotation":{"x":0.0,"y":0.0,"z":0.0}}
{"HeaderType":"ActorData","Name":"2100000000","Position":{"x":10.809999465942383,"y":1.9200096130371094,"z":11.960000038146973},"Rotation":{"x":0.0,"y":0.0,"z":0.0}}
{"HeaderType":"ActorData","Name":"2100000000","Position":{"x":20.579999923706056,"y":1.9200096130371094,"z":15.539999961853028},"Rotation":{"x":0.0,"y":0.0,"z":0.0}}
{"HeaderType":"ActorData","Name":"2100000000","Position":{"x":19.420000076293947,"y":1.9200096130371094,"z":19.979999542236329},"Rotation":{"x":0.0,"y":0.0,"z":0.0}}
{"HeaderType":"ActorData","Name":"2100000000","Position":{"x":18.991573333740236,"y":1.9200096130371094,"z":47.67939758300781},"Rotation":{"x":0.0,"y":194.31912231445313,"z":0.0}}
{"HeaderType":"ActorData","Name":"2100000000","Position":{"x":9.479999542236329,"y":1.9200096130371094,"z":48.220001220703128},"Rotation":{"x":0.0,"y":194.31912231445313,"z":0.0}}
{"HeaderType":"ActorData","Name":"2100000000","Position":{"x":17.360000610351564,"y":1.9200096130371094,"z":51.93000030517578},"Rotation":{"x":0.0,"y":194.31912231445313,"z":0.0}}