{"HeaderType":"FieldData","Name":"EntryPoint","Position":{"x":-64.97000122070313,"y":1.9100017547607422,"z":19.579999923706056},"Rotation":{"x":270.0,"y":268.6574401855469,"z":0.0},"Size":{"x":1,"y":1,"z":1}}